{"precision": 0.958904109589041, "recall": 0.8860759493670886}